[
  {
    "uid": "448565",
    "bikeRacks": 15
  },
  {
    "uid": "2585259",
    "bikeRacks": 10
  },
  {
    "uid": "2585263",
    "bikeRacks": 12
  },
  {
    "uid": "2585265",
    "bikeRacks": 10
  },
  {
    "uid": "2585267",
    "bikeRacks": 10
  },
  {
    "uid": "2585269",
    "bikeRacks": 10
  },
  {
    "uid": "2585271",
    "bikeRacks": 12
  },
  {
    "uid": "2585273",
    "bikeRacks": 12
  },
  {
    "uid": "2585275",
    "bikeRacks": 12
  },
  {
    "uid": "2585278",
    "bikeRacks": 8
  },
  {
    "uid": "2585280",
    "bikeRacks": 6
  },
  {
    "uid": "2585281",
    "bikeRacks": 14
  },
  {
    "uid": "2585283",
    "bikeRacks": 8
  },
  {
    "uid": "2585284",
    "bikeRacks": 12
  },
  {
    "uid": "2585285",
    "bikeRacks": 12
  },
  {
    "uid": "2585286",
    "bikeRacks": 10
  },
  {
    "uid": "2585288",
    "bikeRacks": 8
  },
  {
    "uid": "2585289",
    "bikeRacks": 8
  },
  {
    "uid": "2585291",
    "bikeRacks": 12
  },
  {
    "uid": "2585296",
    "bikeRacks": 7
  },
  {
    "uid": "2585297",
    "bikeRacks": 8
  },
  {
    "uid": "2585299",
    "bikeRacks": 10
  },
  {
    "uid": "2585301",
    "bikeRacks": 12
  },
  {
    "uid": "2585304",
    "bikeRacks": 10
  },
  {
    "uid": "2585305",
    "bikeRacks": 12
  },
  {
    "uid": "2585306",
    "bikeRacks": 8
  },
  {
    "uid": "2585307",
    "bikeRacks": 8
  },
  {
    "uid": "2585308",
    "bikeRacks": 10
  },
  {
    "uid": "2585311",
    "bikeRacks": 16
  },
  {
    "uid": "2585313",
    "bikeRacks": 12
  },
  {
    "uid": "2585315",
    "bikeRacks": 8
  },
  {
    "uid": "2585317",
    "bikeRacks": 15
  },
  {
    "uid": "2585319",
    "bikeRacks": 8
  },
  {
    "uid": "2585321",
    "bikeRacks": 12
  },
  {
    "uid": "2585323",
    "bikeRacks": 8
  },
  {
    "uid": "2585326",
    "bikeRacks": 12
  },
  {
    "uid": "2585327",
    "bikeRacks": 12
  },
  {
    "uid": "2585328",
    "bikeRacks": 5
  },
  {
    "uid": "2585330",
    "bikeRacks": 10
  },
  {
    "uid": "2585333",
    "bikeRacks": 8
  },
  {
    "uid": "2585334",
    "bikeRacks": 8
  },
  {
    "uid": "2585335",
    "bikeRacks": 14
  },
  {
    "uid": "2585337",
    "bikeRacks": 8
  },
  {
    "uid": "2585338",
    "bikeRacks": 8
  },
  {
    "uid": "2585340",
    "bikeRacks": 8
  },
  {
    "uid": "2585341",
    "bikeRacks": 12
  },
  {
    "uid": "2585342",
    "bikeRacks": 10
  },
  {
    "uid": "2585344",
    "bikeRacks": 10
  },
  {
    "uid": "2585345",
    "bikeRacks": 12
  },
  {
    "uid": "2585346",
    "bikeRacks": 10
  },
  {
    "uid": "2585349",
    "bikeRacks": 8
  },
  {
    "uid": "2585351",
    "bikeRacks": 14
  },
  {
    "uid": "2585352",
    "bikeRacks": 8
  },
  {
    "uid": "2585353",
    "bikeRacks": 8
  },
  {
    "uid": "2585354",
    "bikeRacks": 8
  },
  {
    "uid": "2585356",
    "bikeRacks": 8
  },
  {
    "uid": "2585358",
    "bikeRacks": 8
  },
  {
    "uid": "2585360",
    "bikeRacks": 10
  },
  {
    "uid": "2585364",
    "bikeRacks": 8
  },
  {
    "uid": "2585367",
    "bikeRacks": 14
  },
  {
    "uid": "2585368",
    "bikeRacks": 12
  },
  {
    "uid": "2585369",
    "bikeRacks": 12
  },
  {
    "uid": "2585370",
    "bikeRacks": 14
  },
  {
    "uid": "2585371",
    "bikeRacks": 10
  },
  {
    "uid": "2585373",
    "bikeRacks": 8
  },
  {
    "uid": "2585377",
    "bikeRacks": 8
  },
  {
    "uid": "2585378",
    "bikeRacks": 5
  },
  {
    "uid": "2585379",
    "bikeRacks": 8
  },
  {
    "uid": "2585380",
    "bikeRacks": 12
  },
  {
    "uid": "2585381",
    "bikeRacks": 10
  },
  {
    "uid": "2585385",
    "bikeRacks": 5
  },
  {
    "uid": "2585387",
    "bikeRacks": 12
  },
  {
    "uid": "2585389",
    "bikeRacks": 10
  },
  {
    "uid": "2585391",
    "bikeRacks": 12
  },
  {
    "uid": "2585394",
    "bikeRacks": 8
  },
  {
    "uid": "2585396",
    "bikeRacks": 10
  },
  {
    "uid": "2585398",
    "bikeRacks": 14
  },
  {
    "uid": "2585400",
    "bikeRacks": 9
  },
  {
    "uid": "2585401",
    "bikeRacks": 8
  },
  {
    "uid": "2585402",
    "bikeRacks": 8
  },
  {
    "uid": "2585405",
    "bikeRacks": 14
  },
  {
    "uid": "2585406",
    "bikeRacks": 14
  },
  {
    "uid": "2585408",
    "bikeRacks": 16
  },
  {
    "uid": "2585410",
    "bikeRacks": 8
  },
  {
    "uid": "2585412",
    "bikeRacks": 12
  },
  {
    "uid": "2585413",
    "bikeRacks": 12
  },
  {
    "uid": "2585416",
    "bikeRacks": 10
  },
  {
    "uid": "2585417",
    "bikeRacks": 10
  },
  {
    "uid": "2585419",
    "bikeRacks": 14
  },
  {
    "uid": "2585420",
    "bikeRacks": 8
  },
  {
    "uid": "2585422",
    "bikeRacks": 10
  },
  {
    "uid": "2585425",
    "bikeRacks": 14
  },
  {
    "uid": "2585429",
    "bikeRacks": 10
  },
  {
    "uid": "2585430",
    "bikeRacks": 16
  },
  {
    "uid": "2585431",
    "bikeRacks": 16
  },
  {
    "uid": "2585432",
    "bikeRacks": 4
  },
  {
    "uid": "2585433",
    "bikeRacks": 12
  },
  {
    "uid": "2585435",
    "bikeRacks": 8
  },
  {
    "uid": "2585438",
    "bikeRacks": 14
  },
  {
    "uid": "2585442",
    "bikeRacks": 12
  },
  {
    "uid": "2585445",
    "bikeRacks": 10
  },
  {
    "uid": "2585446",
    "bikeRacks": 10
  },
  {
    "uid": "2585447",
    "bikeRacks": 10
  },
  {
    "uid": "2585450",
    "bikeRacks": 12
  },
  {
    "uid": "2585452",
    "bikeRacks": 12
  },
  {
    "uid": "2585453",
    "bikeRacks": 15
  },
  {
    "uid": "2585455",
    "bikeRacks": 12
  },
  {
    "uid": "2585457",
    "bikeRacks": 10
  },
  {
    "uid": "2585460",
    "bikeRacks": 10
  },
  {
    "uid": "2585462",
    "bikeRacks": 10
  },
  {
    "uid": "2585464",
    "bikeRacks": 8
  },
  {
    "uid": "2585466",
    "bikeRacks": 12
  },
  {
    "uid": "2585467",
    "bikeRacks": 12
  },
  {
    "uid": "2585469",
    "bikeRacks": 14
  },
  {
    "uid": "2585470",
    "bikeRacks": 8
  },
  {
    "uid": "2585472",
    "bikeRacks": 12
  },
  {
    "uid": "2585473",
    "bikeRacks": 12
  },
  {
    "uid": "2585476",
    "bikeRacks": 12
  },
  {
    "uid": "2585477",
    "bikeRacks": 8
  },
  {
    "uid": "2585492",
    "bikeRacks": 10
  },
  {
    "uid": "2585695",
    "bikeRacks": 12
  },
  {
    "uid": "2585699",
    "bikeRacks": 10
  },
  {
    "uid": "2585704",
    "bikeRacks": 10
  },
  {
    "uid": "2585708",
    "bikeRacks": 8
  },
  {
    "uid": "2585711",
    "bikeRacks": 10
  },
  {
    "uid": "2585712",
    "bikeRacks": 8
  },
  {
    "uid": "2585714",
    "bikeRacks": 12
  },
  {
    "uid": "2585716",
    "bikeRacks": 12
  },
  {
    "uid": "2585717",
    "bikeRacks": 8
  },
  {
    "uid": "2585720",
    "bikeRacks": 14
  },
  {
    "uid": "2585721",
    "bikeRacks": 14
  },
  {
    "uid": "2585722",
    "bikeRacks": 10
  },
  {
    "uid": "2585724",
    "bikeRacks": 12
  },
  {
    "uid": "2585727",
    "bikeRacks": 8
  },
  {
    "uid": "2585728",
    "bikeRacks": 14
  },
  {
    "uid": "2585729",
    "bikeRacks": 10
  },
  {
    "uid": "2585731",
    "bikeRacks": 8
  },
  {
    "uid": "2585735",
    "bikeRacks": 12
  },
  {
    "uid": "2585737",
    "bikeRacks": 10
  },
  {
    "uid": "2585738",
    "bikeRacks": 12
  },
  {
    "uid": "2585742",
    "bikeRacks": 10
  },
  {
    "uid": "2585747",
    "bikeRacks": 10
  },
  {
    "uid": "2585748",
    "bikeRacks": 14
  },
  {
    "uid": "2585749",
    "bikeRacks": 10
  },
  {
    "uid": "2585750",
    "bikeRacks": 7
  },
  {
    "uid": "2585762",
    "bikeRacks": 12
  },
  {
    "uid": "2585764",
    "bikeRacks": 10
  },
  {
    "uid": "2585766",
    "bikeRacks": 8
  },
  {
    "uid": "2585770",
    "bikeRacks": 10
  },
  {
    "uid": "2585771",
    "bikeRacks": 8
  },
  {
    "uid": "2585772",
    "bikeRacks": 10
  },
  {
    "uid": "2585774",
    "bikeRacks": 8
  },
  {
    "uid": "2585776",
    "bikeRacks": 15
  },
  {
    "uid": "2585779",
    "bikeRacks": 10
  },
  {
    "uid": "2585781",
    "bikeRacks": 8
  },
  {
    "uid": "2585782",
    "bikeRacks": 8
  },
  {
    "uid": "2585785",
    "bikeRacks": 12
  },
  {
    "uid": "2585787",
    "bikeRacks": 10
  },
  {
    "uid": "2585788",
    "bikeRacks": 10
  },
  {
    "uid": "2585789",
    "bikeRacks": 10
  },
  {
    "uid": "2585790",
    "bikeRacks": 6
  },
  {
    "uid": "2585791",
    "bikeRacks": 14
  },
  {
    "uid": "2585794",
    "bikeRacks": 8
  },
  {
    "uid": "2585799",
    "bikeRacks": 10
  },
  {
    "uid": "2585800",
    "bikeRacks": 10
  },
  {
    "uid": "2585802",
    "bikeRacks": 12
  },
  {
    "uid": "2585804",
    "bikeRacks": 8
  },
  {
    "uid": "2585807",
    "bikeRacks": 8
  },
  {
    "uid": "2585808",
    "bikeRacks": 8
  },
  {
    "uid": "2585809",
    "bikeRacks": 8
  },
  {
    "uid": "2585811",
    "bikeRacks": 10
  },
  {
    "uid": "2585814",
    "bikeRacks": 8
  },
  {
    "uid": "2585817",
    "bikeRacks": 12
  },
  {
    "uid": "2585820",
    "bikeRacks": 8
  },
  {
    "uid": "2585821",
    "bikeRacks": 14
  },
  {
    "uid": "2585824",
    "bikeRacks": 8
  },
  {
    "uid": "2585825",
    "bikeRacks": 10
  },
  {
    "uid": "2585827",
    "bikeRacks": 10
  },
  {
    "uid": "2585830",
    "bikeRacks": 6
  },
  {
    "uid": "2585835",
    "bikeRacks": 8
  },
  {
    "uid": "2585837",
    "bikeRacks": 14
  },
  {
    "uid": "2585838",
    "bikeRacks": 12
  },
  {
    "uid": "2585839",
    "bikeRacks": 10
  },
  {
    "uid": "2585843",
    "bikeRacks": 10
  },
  {
    "uid": "2585844",
    "bikeRacks": 10
  },
  {
    "uid": "2585846",
    "bikeRacks": 8
  },
  {
    "uid": "2585848",
    "bikeRacks": 14
  },
  {
    "uid": "2585850",
    "bikeRacks": 12
  },
  {
    "uid": "2585853",
    "bikeRacks": 7
  },
  {
    "uid": "2585856",
    "bikeRacks": 8
  },
  {
    "uid": "2585860",
    "bikeRacks": 8
  },
  {
    "uid": "2585863",
    "bikeRacks": 8
  },
  {
    "uid": "2585868",
    "bikeRacks": 8
  },
  {
    "uid": "2585871",
    "bikeRacks": 8
  },
  {
    "uid": "2585872",
    "bikeRacks": 8
  },
  {
    "uid": "2585873",
    "bikeRacks": 10
  },
  {
    "uid": "2585875",
    "bikeRacks": 14
  },
  {
    "uid": "2585876",
    "bikeRacks": 12
  },
  {
    "uid": "2585880",
    "bikeRacks": 5
  },
  {
    "uid": "2585883",
    "bikeRacks": 12
  },
  {
    "uid": "2585885",
    "bikeRacks": 12
  },
  {
    "uid": "2585888",
    "bikeRacks": 10
  },
  {
    "uid": "2585893",
    "bikeRacks": 6
  },
  {
    "uid": "2585894",
    "bikeRacks": 8
  },
  {
    "uid": "2585897",
    "bikeRacks": 12
  },
  {
    "uid": "2585899",
    "bikeRacks": 10
  },
  {
    "uid": "2585901",
    "bikeRacks": 12
  },
  {
    "uid": "2585902",
    "bikeRacks": 10
  },
  {
    "uid": "2585904",
    "bikeRacks": 8
  },
  {
    "uid": "2585905",
    "bikeRacks": 12
  },
  {
    "uid": "2585906",
    "bikeRacks": 10
  },
  {
    "uid": "2585908",
    "bikeRacks": 10
  },
  {
    "uid": "2585911",
    "bikeRacks": 10
  },
  {
    "uid": "2585913",
    "bikeRacks": 12
  },
  {
    "uid": "2585916",
    "bikeRacks": 8
  },
  {
    "uid": "2585917",
    "bikeRacks": 10
  },
  {
    "uid": "2585919",
    "bikeRacks": 10
  },
  {
    "uid": "2585920",
    "bikeRacks": 8
  },
  {
    "uid": "2585921",
    "bikeRacks": 8
  },
  {
    "uid": "2585922",
    "bikeRacks": 10
  },
  {
    "uid": "2585924",
    "bikeRacks": 10
  },
  {
    "uid": "2585925",
    "bikeRacks": 12
  },
  {
    "uid": "2585926",
    "bikeRacks": 12
  },
  {
    "uid": "2585928",
    "bikeRacks": 10
  },
  {
    "uid": "2585929",
    "bikeRacks": 10
  },
  {
    "uid": "2585931",
    "bikeRacks": 8
  },
  {
    "uid": "2585932",
    "bikeRacks": 12
  },
  {
    "uid": "2585934",
    "bikeRacks": 12
  },
  {
    "uid": "2585936",
    "bikeRacks": 10
  },
  {
    "uid": "2585937",
    "bikeRacks": 12
  },
  {
    "uid": "2585938",
    "bikeRacks": 9
  },
  {
    "uid": "2585939",
    "bikeRacks": 8
  },
  {
    "uid": "2585941",
    "bikeRacks": 5
  },
  {
    "uid": "2585942",
    "bikeRacks": 12
  },
  {
    "uid": "2585945",
    "bikeRacks": 10
  },
  {
    "uid": "2585947",
    "bikeRacks": 10
  },
  {
    "uid": "2585951",
    "bikeRacks": 10
  },
  {
    "uid": "2585953",
    "bikeRacks": 8
  },
  {
    "uid": "2585954",
    "bikeRacks": 8
  },
  {
    "uid": "2585955",
    "bikeRacks": 10
  },
  {
    "uid": "2585956",
    "bikeRacks": 12
  },
  {
    "uid": "2585958",
    "bikeRacks": 10
  },
  {
    "uid": "2585960",
    "bikeRacks": 10
  },
  {
    "uid": "2585961",
    "bikeRacks": 10
  },
  {
    "uid": "2585963",
    "bikeRacks": 10
  },
  {
    "uid": "2585968",
    "bikeRacks": 10
  },
  {
    "uid": "2585971",
    "bikeRacks": 8
  },
  {
    "uid": "2585972",
    "bikeRacks": 14
  },
  {
    "uid": "2585974",
    "bikeRacks": 10
  },
  {
    "uid": "2585975",
    "bikeRacks": 10
  },
  {
    "uid": "2585978",
    "bikeRacks": 10
  },
  {
    "uid": "2585981",
    "bikeRacks": 10
  },
  {
    "uid": "2585982",
    "bikeRacks": 7
  },
  {
    "uid": "2585983",
    "bikeRacks": 8
  },
  {
    "uid": "2585984",
    "bikeRacks": 10
  },
  {
    "uid": "2585985",
    "bikeRacks": 8
  },
  {
    "uid": "2585987",
    "bikeRacks": 12
  },
  {
    "uid": "2585990",
    "bikeRacks": 8
  },
  {
    "uid": "2585992",
    "bikeRacks": 10
  },
  {
    "uid": "2585994",
    "bikeRacks": 8
  },
  {
    "uid": "2585995",
    "bikeRacks": 10
  },
  {
    "uid": "2585996",
    "bikeRacks": 10
  },
  {
    "uid": "2585997",
    "bikeRacks": 8
  },
  {
    "uid": "2586000",
    "bikeRacks": 14
  },
  {
    "uid": "2586001",
    "bikeRacks": 10
  },
  {
    "uid": "2586003",
    "bikeRacks": 8
  },
  {
    "uid": "2586005",
    "bikeRacks": 12
  },
  {
    "uid": "2586009",
    "bikeRacks": 8
  },
  {
    "uid": "2586011",
    "bikeRacks": 12
  },
  {
    "uid": "2586012",
    "bikeRacks": 8
  },
  {
    "uid": "2586014",
    "bikeRacks": 17
  },
  {
    "uid": "2586018",
    "bikeRacks": 16
  },
  {
    "uid": "2586019",
    "bikeRacks": 7
  },
  {
    "uid": "2586021",
    "bikeRacks": 14
  },
  {
    "uid": "2586022",
    "bikeRacks": 8
  },
  {
    "uid": "2586024",
    "bikeRacks": 10
  },
  {
    "uid": "2586026",
    "bikeRacks": 8
  },
  {
    "uid": "2586028",
    "bikeRacks": 8
  },
  {
    "uid": "2586030",
    "bikeRacks": 8
  },
  {
    "uid": "2586031",
    "bikeRacks": 10
  },
  {
    "uid": "2586032",
    "bikeRacks": 12
  },
  {
    "uid": "2586034",
    "bikeRacks": 8
  },
  {
    "uid": "2586037",
    "bikeRacks": 10
  },
  {
    "uid": "2586039",
    "bikeRacks": 8
  },
  {
    "uid": "2586042",
    "bikeRacks": 10
  },
  {
    "uid": "2586044",
    "bikeRacks": 12
  },
  {
    "uid": "2586045",
    "bikeRacks": 8
  },
  {
    "uid": "2586268",
    "bikeRacks": 14
  },
  {
    "uid": "2681601",
    "bikeRacks": 12
  },
  {
    "uid": "2681672",
    "bikeRacks": 15
  },
  {
    "uid": "3110680",
    "bikeRacks": 10
  },
  {
    "uid": "3318614",
    "bikeRacks": 10
  },
  {
    "uid": "3318682",
    "bikeRacks": 10
  },
  {
    "uid": "3470029",
    "bikeRacks": 8
  },
  {
    "uid": "4215025",
    "bikeRacks": 11
  },
  {
    "uid": "4313700",
    "bikeRacks": 6
  },
  {
    "uid": "4393742",
    "bikeRacks": 14
  },
  {
    "uid": "4585378",
    "bikeRacks": 8
  },
  {
    "uid": "8746360",
    "bikeRacks": 6
  },
  {
    "uid": "18751910",
    "bikeRacks": 6
  },
  {
    "uid": "44581598",
    "bikeRacks": 8
  },
  {
    "uid": "44583449",
    "bikeRacks": 9
  },
  {
    "uid": "44583483",
    "bikeRacks": 10
  },
  {
    "uid": "48372123",
    "bikeRacks": 6
  },
  {
    "uid": "52488396",
    "bikeRacks": 6
  },
  {
    "uid": "145175382",
    "bikeRacks": 6
  },
  {
    "uid": "163208604",
    "bikeRacks": 10
  },
  {
    "uid": "172293631",
    "bikeRacks": 10
  },
  {
    "uid": "172294162",
    "bikeRacks": 10
  },
  {
    "uid": "172295073",
    "bikeRacks": 10
  }
]